"","Model.1","Model.2","Model.3","Model.4","Model.5","Model.6","Model.7"
"Model deviance",880.833343445432,880.833343445432,882.097886254483,898.666066899631,923.995864794514,953.458561888259,1090.17683285676
"Percent deviance explained",53.2872693419509,53.2872693419509,53.2202075667759,52.3415567235377,50.9982560464105,49.4357776910653,42.1852758619627
"Model p-value",0,0,0,0,0,0,0
